consumer_id,spend_alert,planning_reminder,budgeting_tool,education_content,digital_nudge,product_suggestion,alert_priority,instalment_eligible,n_actions
KH00100010,False,True,False,False,False,False,False,False,1
KH00100045,False,True,False,False,False,False,False,False,1
KH00100050,False,True,True,True,False,False,False,False,3
KH00100085,False,True,False,False,False,False,False,False,1
KH00100090,False,False,False,False,True,False,False,False,1
KH00100125,False,True,False,False,False,False,False,False,1
KH00100130,False,False,False,False,False,False,False,False,0
KH00100165,True,False,False,True,True,False,True,False,3
KH00100170,True,True,False,False,False,False,False,False,2
KH00100205,False,False,False,False,True,False,False,False,1
KH00100210,False,False,False,False,False,False,False,False,0
KH00100245,False,True,False,False,False,False,False,False,1
KH00100250,False,True,False,True,False,False,False,False,2
KH00100285,True,True,False,False,False,True,False,True,3
KH00100290,True,True,False,True,False,False,False,False,3
KH00100325,False,False,False,False,False,False,False,False,0
KH00100330,False,True,False,True,False,False,False,False,2
KH00100365,False,False,False,False,True,False,False,False,1
KH00100370,True,True,True,True,False,True,False,True,5
KH00100405,False,True,False,False,True,False,False,False,2
KH00100410,True,True,False,False,False,True,False,True,3
KH00100445,False,True,True,False,False,False,False,False,2
KH00100450,False,True,False,True,False,False,False,False,2
KH00100485,False,True,False,False,False,False,False,False,1
KH00100490,True,True,False,False,False,False,False,False,2
KH00100525,True,True,False,True,False,False,False,False,3
KH00100530,False,True,False,False,False,False,False,False,1
KH00100565,False,False,False,True,False,False,False,False,1
KH00100570,False,True,True,False,False,False,False,False,2
KH00100605,True,True,False,False,False,True,False,True,3
KH00100610,False,True,False,True,False,False,False,False,2
KH00100645,False,True,False,False,False,False,False,False,1
KH00100650,False,False,False,False,True,False,False,False,1
KH00100685,False,False,False,False,True,False,False,False,1
KH00100690,False,False,False,False,False,False,False,False,0
KH00100725,False,True,False,False,False,False,False,False,1
KH00100730,True,True,False,False,False,True,False,True,3
KH00100765,True,True,True,False,False,True,True,True,4
KH00100770,False,True,False,False,False,False,False,False,1
KH00100805,False,True,False,True,False,False,False,False,2
KH00100810,False,True,False,False,False,False,False,False,1
KH00100845,False,False,False,False,False,False,False,False,0
KH00100850,False,False,False,False,False,False,False,False,0
KH00100885,False,True,False,True,False,False,False,False,2
KH00100890,True,True,False,False,False,False,False,False,2
KH00100925,False,True,True,True,False,False,False,False,3
KH00100930,True,True,True,False,False,True,False,True,4
KH00100965,False,False,False,False,False,False,False,False,0
KH00100970,False,True,False,False,False,False,False,False,1
KH00101005,False,True,False,True,False,False,False,False,2
KH00101010,True,True,False,True,False,True,False,True,4
KH00101045,False,True,False,False,False,False,False,False,1
KH00101050,False,False,False,False,False,False,False,False,0
KH00101085,True,True,False,True,False,True,False,True,4
KH00101090,False,True,True,False,False,False,False,False,2
KH00101125,False,False,False,False,False,False,False,False,0
KH00101130,False,False,False,False,False,False,False,False,0
KH00101165,False,False,False,False,False,False,False,False,0
KH00101170,False,True,False,False,False,False,False,False,1
KH00101205,False,False,False,True,False,False,False,False,1
KH00101210,False,True,False,False,False,False,False,False,1
KH00101245,False,True,False,False,False,False,False,False,1
KH00101250,False,False,False,False,True,False,False,False,1
KH00101285,False,False,False,False,True,False,False,False,1
KH00101290,False,False,False,False,True,False,False,False,1
KH00101325,False,True,False,False,False,False,False,False,1
KH00101330,False,False,False,False,False,False,False,False,0
KH00101365,False,True,True,False,False,False,False,False,2
KH00101370,False,True,False,True,False,False,False,False,2
KH00101405,False,True,False,False,False,False,False,False,1
KH00101410,False,True,False,False,False,False,False,False,1
KH00101445,True,True,False,False,True,False,False,False,3
KH00101450,False,False,False,False,True,False,False,False,1
KH00101485,True,True,True,False,False,False,False,False,3
KH00101490,False,True,False,False,False,False,False,False,1
KH00101525,True,False,False,False,False,False,False,False,1
KH00101530,True,True,True,False,False,True,False,True,4
KH00101565,True,True,False,False,False,True,False,True,3
KH00101570,True,True,False,False,False,False,False,False,2
KH00101605,True,True,True,False,False,False,False,False,3
KH00101610,False,False,False,False,True,False,False,False,1
KH00101645,False,True,True,False,False,False,False,False,2
KH00101650,True,False,False,False,False,True,False,True,2
KH00101685,False,True,False,False,False,False,False,False,1
KH00101690,False,True,False,True,False,False,False,False,2
KH00101725,False,True,False,False,False,False,False,False,1
KH00101730,False,True,False,False,False,False,False,False,1
KH00101765,True,True,True,True,False,False,False,False,4
KH00101770,True,False,False,False,False,False,False,False,1
KH00101805,True,False,False,True,False,True,False,True,3
KH00101810,True,True,True,True,False,False,False,False,4
KH00101845,False,True,False,True,False,False,False,False,2
KH00101850,False,True,True,False,False,False,False,False,2
KH00101885,True,False,False,False,False,False,False,False,1
KH00101890,True,True,False,False,False,True,False,True,3
KH00101925,True,True,True,True,False,True,False,True,5
KH00101930,True,True,False,True,False,False,False,False,3
KH00101965,True,True,True,True,False,True,True,True,5
KH00101970,True,True,False,False,False,True,False,True,3
KH00102005,False,False,False,False,True,False,False,False,1
KH00102010,True,True,False,True,False,True,True,True,4
KH00102045,False,True,False,False,False,False,False,False,1
KH00102050,False,True,False,False,False,False,False,False,1
KH00102085,False,False,False,False,True,False,False,False,1
KH00102090,False,True,False,False,False,False,False,False,1
KH00102125,False,False,False,False,False,False,False,False,0
KH00102130,True,True,True,True,False,True,False,True,5
KH00102165,True,True,False,True,False,True,False,True,4
KH00102170,False,True,True,False,False,False,False,False,2
KH00102205,True,True,False,False,False,False,False,False,2
KH00102210,True,True,False,True,False,True,False,True,4
KH00102245,False,False,False,False,False,False,False,False,0
KH00102250,False,False,True,False,False,False,False,False,1
KH00102285,False,True,False,False,False,False,False,False,1
KH00102290,False,True,False,False,False,False,False,False,1
KH00102325,False,True,False,True,False,False,False,False,2
KH00102330,True,False,False,False,False,True,False,True,2
KH00102365,False,False,False,True,False,False,False,False,1
KH00102370,False,False,False,True,False,False,False,False,1
KH00102405,False,True,False,False,False,False,False,False,1
KH00102410,False,True,False,False,False,False,False,False,1
KH00102445,False,True,False,True,False,False,False,False,2
KH00102450,False,False,False,False,False,False,False,False,0
KH00102485,False,True,False,False,False,False,False,False,1
KH00102490,False,False,False,False,True,False,False,False,1
KH00102525,True,False,False,False,False,True,False,True,2
KH00102530,False,True,False,True,False,False,False,False,2
KH00102565,False,False,False,False,False,False,False,False,0
KH00102570,False,False,False,False,False,False,False,False,0
KH00102605,False,False,False,False,False,False,False,False,0
KH00102610,False,False,False,False,False,False,False,False,0
KH00102645,False,True,False,False,False,False,False,False,1
KH00102650,False,True,True,False,False,False,False,False,2
KH00102685,False,True,False,False,False,False,False,False,1
KH00102690,False,True,False,False,False,False,False,False,1
KH00102725,True,True,False,False,True,False,False,False,3
KH00102730,False,True,True,False,False,False,False,False,2
KH00102765,False,True,False,False,False,False,False,False,1
KH00102770,False,False,False,False,False,False,False,False,0
KH00102805,False,True,False,True,False,False,False,False,2
KH00102810,False,True,False,False,False,False,False,False,1
KH00102845,False,False,False,False,False,False,False,False,0
KH00102850,False,True,False,True,False,False,False,False,2
KH00102885,False,False,False,False,False,False,False,False,0
KH00102890,True,True,False,False,False,True,False,True,3
KH00102925,True,True,True,False,False,True,False,True,4
KH00102930,False,True,True,False,False,False,False,False,2
KH00102965,False,True,True,True,False,False,False,False,3
KH00102970,False,False,False,False,False,False,False,False,0
KH00103005,True,True,False,True,False,False,False,False,3
KH00103010,False,False,False,False,False,False,False,False,0
KH00103045,False,True,False,True,False,False,False,False,2
KH00103050,False,True,False,False,False,False,False,False,1
KH00103085,False,True,False,False,False,False,False,False,1
KH00103090,True,True,False,True,False,True,False,True,4
KH00103125,False,True,True,True,False,False,False,False,3
KH00103130,False,True,False,True,False,False,False,False,2
KH00103165,True,True,False,False,False,False,False,False,2
KH00103170,False,False,False,False,False,False,False,False,0
KH00103205,False,False,False,False,False,False,False,False,0
KH00103210,True,True,False,False,False,False,False,False,2
KH00103245,True,True,True,False,False,False,False,False,3
KH00103250,False,True,True,True,False,False,False,False,3
KH00103285,False,False,False,True,False,False,False,False,1
KH00103290,False,True,False,False,False,False,False,False,1
KH00103325,True,True,True,True,False,True,False,True,5
KH00103330,False,True,True,False,False,False,False,False,2
KH00103365,True,True,False,True,False,False,False,False,3
KH00103370,True,False,False,True,False,False,False,False,2
KH00103405,True,True,True,False,False,False,False,False,3
KH00103410,False,True,True,True,False,False,False,False,3
KH00103445,False,True,False,False,False,False,False,False,1
KH00103450,False,True,False,False,False,False,False,False,1
KH00103485,False,True,True,False,False,False,False,False,2
KH00103490,True,True,True,False,False,True,False,True,4
KH00103525,True,True,True,False,False,True,True,True,4
KH00103530,False,True,True,True,False,False,False,False,3
KH00103565,False,True,False,True,False,False,False,False,2
KH00103570,True,True,False,True,False,True,True,True,4
KH00103605,False,True,True,True,False,False,False,False,3
KH00103610,True,True,False,False,False,False,False,False,2
KH00103645,False,True,False,False,False,False,False,False,1
KH00103650,True,True,False,True,False,True,False,True,4
KH00103685,False,False,False,False,True,False,False,False,1
KH00103690,True,True,False,True,False,False,False,False,3
KH00103725,False,False,False,False,True,False,False,False,1
KH00103730,True,True,False,False,False,True,False,True,3
KH00103765,True,False,False,False,False,False,False,False,1
KH00103770,True,True,False,True,False,True,True,True,4
KH00103805,True,False,False,False,False,True,False,True,2
KH00103810,False,True,True,False,False,False,False,False,2
KH00103845,False,True,True,False,False,False,False,False,2
KH00103850,True,True,False,False,False,False,False,False,2
KH00103885,True,False,False,True,False,False,False,False,2
KH00103890,True,True,False,False,False,False,False,False,2
KH00103925,False,True,False,False,False,False,False,False,1
KH00103930,False,False,False,False,True,False,False,False,1
KH00103965,False,False,False,True,True,False,False,False,2
KH00103970,False,False,False,False,False,False,False,False,0
KH00104005,False,False,False,False,False,False,False,False,0
KH00104010,True,False,False,False,False,True,False,True,2
KH00104045,False,True,False,False,False,False,False,False,1
KH00104050,True,True,True,True,False,True,True,True,5
KH00104085,False,True,False,False,False,False,False,False,1
KH00104090,False,True,False,False,False,False,False,False,1
KH00104125,False,True,False,True,False,False,False,False,2
KH00104130,True,True,False,True,False,False,True,False,3
KH00104165,True,True,False,False,False,True,False,True,3
KH00104170,True,True,False,False,False,True,False,True,3
KH00104205,True,True,False,False,False,True,True,True,3
KH00104210,False,True,False,False,False,False,False,False,1
KH00104245,True,True,True,False,False,True,False,True,4
KH00104250,True,False,False,False,False,False,False,False,1
KH00104285,False,True,True,False,False,False,False,False,2
KH00104290,False,False,False,False,False,False,False,False,0
KH00104325,False,True,False,True,False,False,False,False,2
KH00104330,False,False,False,False,True,False,False,False,1
KH00104365,False,False,False,False,False,False,False,False,0
KH00104370,False,False,False,False,False,False,False,False,0
KH00104405,False,True,False,False,False,False,False,False,1
KH00104410,True,False,False,False,True,False,False,False,2
KH00104445,True,False,False,False,False,True,False,True,2
KH00104450,False,True,False,False,False,False,False,False,1
KH00104485,False,True,False,True,False,False,False,False,2
KH00104490,False,False,False,False,True,False,False,False,1
KH00104525,True,True,False,True,False,False,False,False,3
KH00104530,True,False,False,True,False,True,False,True,3
KH00104565,False,True,False,False,False,False,False,False,1
KH00104570,False,True,False,False,False,False,False,False,1
KH00104605,False,True,False,False,False,False,False,False,1
KH00104610,False,False,False,False,True,False,False,False,1
KH00104645,True,True,True,False,False,True,False,True,4
KH00104650,False,True,False,False,False,False,False,False,1
KH00104685,False,False,False,True,True,False,False,False,2
KH00104690,True,True,False,False,False,True,False,True,3
KH00104725,True,True,True,False,False,True,False,True,4
KH00104730,True,False,False,False,False,False,False,False,1
KH00104765,False,True,False,False,False,False,False,False,1
KH00104770,False,False,False,False,False,False,False,False,0
KH00104805,True,True,False,True,False,False,False,False,3
KH00104810,False,True,False,True,False,False,False,False,2
KH00104845,False,True,False,True,False,False,False,False,2
KH00104850,True,False,False,False,False,False,False,False,1
KH00104885,False,True,False,False,False,False,False,False,1
KH00104890,True,False,False,False,True,False,False,False,2
KH00104925,True,True,True,True,False,True,False,True,5
KH00104930,False,True,False,False,False,False,False,False,1
KH00104965,True,True,False,False,False,True,False,True,3
KH00104970,False,True,False,False,False,False,False,False,1
KH00105005,False,False,False,False,False,False,False,False,0
KH00105010,False,False,False,False,False,False,False,False,0
KH00105045,True,True,False,False,False,False,False,False,2
KH00105050,True,True,True,False,False,False,True,False,3
KH00105085,False,True,False,False,False,False,False,False,1
KH00105090,False,True,False,False,False,False,False,False,1
KH00105125,False,False,False,False,False,False,False,False,0
KH00105130,False,True,False,True,False,False,False,False,2
KH00105165,False,True,True,False,False,False,False,False,2
KH00105170,False,False,False,False,False,False,False,False,0
KH00105205,False,True,True,False,False,False,False,False,2
KH00105210,False,False,False,True,True,False,False,False,2
KH00105245,False,True,False,True,False,False,False,False,2
KH00105250,False,True,False,False,False,False,False,False,1
KH00105285,False,True,False,False,False,False,False,False,1
KH00105290,False,True,False,False,False,False,False,False,1
KH00105325,False,False,False,False,True,False,False,False,1
KH00105330,False,True,False,True,False,False,False,False,2
KH00105365,True,True,True,False,False,True,False,True,4
KH00105370,False,True,False,True,False,False,False,False,2
KH00105405,False,True,True,True,False,False,False,False,3
KH00105410,True,True,False,False,False,False,False,False,2
KH00105445,False,False,True,False,False,False,False,False,1
KH00105450,False,False,False,False,True,False,False,False,1
KH00105485,True,True,True,False,False,True,False,True,4
KH00105490,False,True,False,False,False,False,False,False,1
KH00105525,False,True,True,False,False,False,False,False,2
KH00105530,False,True,False,False,True,False,False,False,2
KH00105565,False,False,False,False,True,False,False,False,1
KH00105570,True,True,False,False,True,False,False,False,3
KH00105605,False,False,False,False,False,False,False,False,0
KH00105610,True,True,True,True,False,False,False,False,4
KH00105645,True,True,False,False,False,True,False,True,3
KH00105650,False,True,True,False,False,False,False,False,2
KH00105685,False,False,False,False,False,False,False,False,0
KH00105690,False,True,True,False,False,False,False,False,2
KH00105725,True,False,False,False,True,True,False,True,3
KH00105730,False,False,False,False,False,False,False,False,0
KH00105765,True,True,True,False,False,False,False,False,3
KH00105770,False,False,False,False,True,False,False,False,1
KH00105805,False,True,False,True,False,False,False,False,2
KH00105810,True,True,False,True,False,False,False,False,3
KH00105845,True,True,False,False,False,True,True,True,3
KH00105850,True,True,False,False,False,False,False,False,2
KH00105885,True,True,False,False,False,True,False,True,3
KH00105890,False,False,False,False,True,False,False,False,1
KH00105925,False,False,False,False,False,False,False,False,0
KH00105930,False,True,False,False,False,False,False,False,1
KH00105965,False,False,False,False,True,False,False,False,1
KH00105970,True,False,False,False,True,False,False,False,2
KH00106005,True,True,False,False,False,True,False,False,3
KH00106010,True,False,False,False,False,True,True,True,2
KH00106045,True,True,False,False,False,False,False,False,2
KH00106050,True,True,False,False,False,True,False,True,3
KH00106085,False,False,False,False,True,False,False,False,1
KH00106090,False,True,False,True,False,False,False,False,2
KH00106125,False,True,True,True,False,False,False,False,3
KH00106130,False,False,False,True,True,False,False,False,2
KH00106165,True,False,False,True,False,True,True,True,3
KH00106170,False,True,False,False,False,False,False,False,1
KH00106205,False,False,False,True,True,False,False,False,2
KH00106210,False,False,False,False,True,False,False,False,1
KH00106245,False,False,False,False,False,False,False,False,0
KH00106250,True,False,False,False,False,True,False,True,2
KH00106285,False,False,False,False,True,False,False,False,1
KH00106290,False,True,True,True,False,False,False,False,3
KH00106325,False,True,False,False,False,False,False,False,1
KH00106330,False,False,False,True,True,False,False,False,2
KH00106365,False,True,True,True,False,False,False,False,3
KH00106370,False,False,False,False,True,False,False,False,1
KH00106405,False,True,False,False,True,False,False,False,2
KH00106410,False,True,False,False,False,False,False,False,1
KH00106445,True,True,False,True,False,False,False,False,3
KH00106450,True,True,False,False,False,False,False,False,2
KH00106485,False,True,False,False,False,False,False,False,1
KH00106490,False,False,False,True,True,False,False,False,2
KH00106525,False,True,False,True,False,False,False,False,2
KH00106530,True,True,True,False,False,True,False,True,4
KH00106565,True,True,False,False,False,True,False,True,3
KH00106570,False,True,False,True,False,False,False,False,2
KH00106605,False,True,False,False,False,False,False,False,1
KH00106610,True,False,False,False,False,True,False,True,2
KH00106645,False,True,False,False,False,False,False,False,1
KH00106650,True,False,False,False,False,True,False,True,2
KH00106685,False,True,False,False,False,False,False,False,1
KH00106690,True,True,False,True,False,False,False,False,3
KH00106725,False,True,True,True,False,False,False,False,3
KH00106730,True,True,False,False,True,False,False,False,3
KH00106765,True,True,True,True,False,True,False,True,5
KH00106770,False,True,True,False,False,False,False,False,2
KH00106805,False,True,False,True,False,False,False,False,2
KH00106810,True,True,True,False,False,True,True,True,4
KH00106845,False,True,True,False,False,False,False,False,2
KH00106850,True,True,False,False,False,False,True,False,2
KH00106885,True,False,False,False,True,True,False,True,3
KH00106890,False,False,False,True,True,False,False,False,2
KH00106925,True,True,True,False,False,False,False,False,3
KH00106930,True,True,False,False,True,True,False,True,4
KH00106965,True,True,True,True,False,True,False,True,5
KH00106970,True,False,False,False,False,True,False,True,2
KH00107005,False,False,False,False,True,False,False,False,1
KH00107010,True,True,False,False,False,True,False,True,3
KH00107045,True,True,False,False,False,False,False,False,2
KH00107050,True,True,False,False,False,False,True,False,2
KH00107085,True,True,False,False,False,True,False,True,3
KH00107090,True,True,False,True,False,False,False,False,3
KH00107125,False,True,False,False,False,False,False,False,1
KH00107130,True,True,False,False,False,True,False,True,3
KH00107165,True,False,False,False,False,False,False,False,1
KH00107170,False,True,True,True,False,False,False,False,3
KH00107205,True,False,False,False,False,True,False,True,2
KH00107210,False,False,False,True,False,False,False,False,1
KH00107245,False,True,False,True,False,False,False,False,2
KH00107250,True,True,True,False,False,False,False,False,3
KH00107285,False,True,False,False,False,False,False,False,1
KH00107290,True,False,False,True,False,True,False,True,3
KH00107325,False,True,False,False,False,False,False,False,1
KH00107330,False,True,False,True,False,False,False,False,2
KH00107365,True,True,False,False,True,True,False,True,4
KH00107370,False,False,False,False,True,False,False,False,1
KH00107405,False,True,False,False,False,False,False,False,1
KH00107410,False,True,False,False,False,False,False,False,1
KH00107445,False,False,False,False,True,False,False,False,1
KH00107450,True,True,False,False,False,True,False,True,3
KH00107485,False,True,False,False,False,False,False,False,1
KH00107490,True,False,False,False,False,True,False,True,2
KH00107525,True,True,False,False,False,False,False,False,2
KH00107530,False,False,False,False,True,False,False,False,1
KH00107565,True,True,False,False,False,True,True,True,3
KH00107570,True,True,False,False,False,True,False,True,3
KH00107605,True,True,True,True,False,True,False,True,5
KH00107610,True,True,False,True,False,False,True,False,3
KH00107645,True,False,True,False,False,False,False,False,2
KH00107650,False,False,False,False,False,False,False,False,0
KH00107685,True,True,True,False,False,False,False,False,3
KH00107690,True,True,True,False,False,True,False,True,4
KH00107725,True,False,True,True,False,True,False,True,4
KH00107730,False,True,False,False,False,False,False,False,1
KH00107765,False,True,False,True,False,False,False,False,2
KH00107770,False,True,False,False,False,False,False,False,1
KH00107805,False,True,True,True,False,False,False,False,3
KH00107810,False,False,False,True,True,False,False,False,2
KH00107845,False,True,False,True,False,False,False,False,2
KH00107850,False,True,True,True,False,False,False,False,3
KH00107885,False,False,False,False,False,False,False,False,0
KH00107890,False,False,False,True,True,False,False,False,2
KH00107925,True,True,True,True,False,True,False,True,5
KH00107930,True,True,False,False,False,False,False,False,2
KH00107965,True,False,False,False,False,True,False,True,2
KH00107970,False,True,True,True,False,False,False,False,3
KH00108005,True,True,False,True,False,False,False,False,3
KH00108010,True,True,False,True,False,True,False,True,4
KH00108045,False,False,False,False,False,False,False,False,0
KH00108050,False,True,False,True,False,False,False,False,2
KH00108085,True,True,True,True,False,True,False,True,5
KH00108090,False,True,False,False,False,False,False,False,1
KH00108125,False,True,False,True,False,False,False,False,2
KH00108130,False,False,False,False,True,False,False,False,1
KH00108165,False,True,False,False,False,False,False,False,1
KH00108170,False,True,True,True,False,False,False,False,3
KH00108205,False,True,False,True,False,False,False,False,2
KH00108210,True,False,False,False,False,False,True,False,1
KH00108245,True,False,False,True,False,True,True,True,3
KH00108250,True,True,True,False,False,True,False,True,4
KH00108285,True,False,False,False,False,True,False,True,2
KH00108290,True,True,True,False,False,True,False,True,4
KH00108325,True,True,False,True,False,False,False,False,3
KH00108330,True,True,False,False,False,False,False,False,2
KH00108365,False,True,False,False,False,False,False,False,1
KH00108370,True,True,False,False,False,False,True,False,2
KH00108405,False,False,False,False,False,False,False,False,0
KH00108410,False,True,False,False,False,False,False,False,1
KH00108445,True,False,False,True,True,False,False,False,3
KH00108450,False,False,False,True,False,False,False,False,1
KH00108485,True,False,False,False,False,False,False,False,1
KH00108490,False,True,True,True,False,False,False,False,3
KH00108525,True,False,False,False,False,False,False,False,1
KH00108530,False,True,False,False,False,False,False,False,1
KH00108565,True,True,True,False,False,True,False,False,4
KH00108570,True,True,False,True,False,True,True,True,4
KH00108605,False,True,True,True,False,False,False,False,3
KH00108610,True,True,False,True,False,False,False,False,3
KH00108645,False,False,False,False,False,False,False,False,0
KH00108650,True,True,False,True,False,False,False,False,3
KH00108685,False,True,False,False,True,False,False,False,2
KH00108690,False,True,False,False,False,False,False,False,1
KH00108725,True,True,False,True,False,True,False,True,4
KH00108730,True,True,True,False,False,True,False,True,4
KH00108765,False,True,False,True,False,False,False,False,2
KH00108770,False,False,False,True,True,False,False,False,2
KH00108805,False,False,False,True,False,False,False,False,1
KH00108810,True,True,False,False,False,True,True,True,3
KH00108845,False,True,True,False,False,False,False,False,2
KH00108850,True,True,False,False,False,True,False,True,3
KH00108885,False,True,True,True,False,False,False,False,3
KH00108890,True,True,False,True,False,True,False,True,4
KH00108925,True,False,True,False,False,False,False,False,2
KH00108930,True,True,False,True,False,False,False,False,3
KH00108965,False,True,False,True,False,False,False,False,2
KH00108970,True,True,True,False,False,False,False,False,3
KH00109005,False,True,False,False,False,False,False,False,1
KH00109010,True,True,False,False,False,True,False,True,3
KH00109045,False,True,False,False,False,False,False,False,1
KH00109050,True,False,False,True,True,False,False,False,3
KH00109085,True,True,False,False,False,True,False,True,3
KH00109090,False,True,True,False,False,False,False,False,2
KH00109125,True,True,True,False,False,True,False,True,4
KH00109130,False,True,False,False,False,False,False,False,1
KH00109165,False,True,False,False,False,False,False,False,1
KH00109170,False,False,False,False,False,False,False,False,0
KH00109205,False,False,False,False,True,False,False,False,1
KH00109210,False,True,False,False,False,False,False,False,1
KH00109245,True,False,False,True,False,True,False,True,3
KH00109250,False,True,False,False,False,False,False,False,1
KH00109285,False,True,False,False,False,False,False,False,1
KH00109290,False,True,True,False,False,False,False,False,2
KH00109325,False,True,False,False,False,False,False,False,1
KH00109330,False,False,False,False,True,False,False,False,1
KH00109365,True,True,False,False,False,True,False,True,3
KH00109370,False,True,True,True,False,False,False,False,3
KH00109405,True,True,False,True,False,False,True,False,3
KH00109410,False,True,False,True,False,False,False,False,2
KH00109445,True,True,False,False,False,True,False,True,3
KH00109450,False,True,False,False,False,False,False,False,1
KH00109485,False,False,False,False,True,False,False,False,1
KH00109490,True,False,False,False,False,True,False,True,2
KH00109525,False,True,True,False,False,False,False,False,2
KH00109530,True,True,False,False,False,False,False,False,2
KH00109565,True,True,False,False,True,True,False,True,4
KH00109570,True,True,False,True,True,True,False,True,5
KH00109605,True,True,False,False,False,False,True,False,2
KH00109610,False,True,True,False,False,False,False,False,2
KH00109645,True,False,False,False,False,True,False,True,2
KH00109650,False,False,False,False,False,False,False,False,0
KH00109685,False,True,True,False,False,False,False,False,2
KH00109690,False,True,True,False,False,False,False,False,2
KH00109725,False,False,False,True,True,False,False,False,2
KH00109730,False,True,False,False,False,False,False,False,1
KH00109765,False,True,True,True,False,False,False,False,3
KH00109770,True,True,True,True,False,False,False,False,4
KH00109805,False,True,False,True,False,False,False,False,2
KH00109810,True,False,False,True,True,False,False,False,3
KH00109845,False,True,False,False,False,False,False,False,1
KH00109850,False,True,False,True,False,False,False,False,2
KH00109885,False,False,False,True,False,False,False,False,1
KH00109890,True,True,True,True,False,True,False,True,5
KH00109925,False,True,True,False,False,False,False,False,2
KH00109930,False,True,True,True,False,False,False,False,3
KH00109965,False,True,False,True,False,False,False,False,2
KH00109970,True,True,True,True,False,True,True,True,5
KH00110005,False,False,False,False,False,False,False,False,0
KH00110010,False,True,False,True,False,False,False,False,2
KH00110045,False,True,False,False,False,False,False,False,1
KH00110050,True,False,False,False,True,False,False,False,2
KH00110085,True,True,False,False,False,True,False,True,3
KH00110090,True,True,True,False,False,False,False,False,3
KH00110125,False,True,False,True,False,False,False,False,2
KH00110130,False,True,False,False,True,False,False,False,2
KH00110165,True,True,False,False,False,True,False,True,3
KH00110170,True,True,True,True,False,False,True,False,4
KH00110205,False,True,False,True,False,False,False,False,2
KH00110210,True,True,False,False,True,True,False,True,4
KH00110245,False,False,False,True,True,False,False,False,2
KH00110250,False,True,False,False,False,False,False,False,1
KH00110285,True,False,False,False,True,False,False,False,2
KH00110290,False,False,False,False,False,False,False,False,0
KH00110325,False,False,False,False,False,False,False,False,0
KH00110330,True,True,True,True,False,True,False,True,5
KH00110365,True,True,True,True,False,True,False,True,5
KH00110370,False,False,False,False,True,False,False,False,1
KH00110405,True,True,False,False,False,False,False,False,2
KH00110410,True,True,False,True,False,False,False,False,3
KH00110445,True,True,False,True,False,True,False,True,4
KH00110450,False,True,True,False,False,False,False,False,2
KH00110485,True,True,True,True,False,False,True,False,4
KH00110490,False,True,False,False,False,False,False,False,1
KH00110525,False,False,False,False,False,False,False,False,0
KH00110530,True,False,False,False,False,False,False,False,1
KH00110565,False,True,False,False,False,False,False,False,1
KH00110570,False,True,True,False,False,False,False,False,2
KH00110605,False,True,False,False,False,False,False,False,1
KH00110610,False,True,False,True,False,False,False,False,2
KH00110645,False,False,False,False,False,False,False,False,0
KH00110650,False,False,False,False,True,False,False,False,1
KH00110685,True,True,False,False,True,False,False,False,3
KH00110690,True,False,False,False,True,False,False,False,2
KH00110725,False,False,False,False,False,False,False,False,0
KH00110730,False,False,False,True,True,False,False,False,2
KH00110765,False,False,False,True,True,False,False,False,2
KH00110770,True,True,True,False,False,True,False,True,4
KH00110805,False,True,False,True,False,False,False,False,2
KH00110810,False,True,True,True,False,False,False,False,3
KH00110845,False,True,False,True,False,False,False,False,2
KH00110850,True,True,True,False,False,True,False,True,4
KH00110885,False,False,False,False,False,False,False,False,0
KH00110890,False,True,False,False,False,False,False,False,1
KH00110925,False,False,False,True,True,False,False,False,2
KH00110930,False,True,False,False,False,False,False,False,1
KH00110965,False,True,False,False,False,False,False,False,1
KH00110970,True,True,False,False,False,True,True,True,3
KH00111005,False,True,False,False,False,False,False,False,1
KH00111010,False,True,False,False,False,False,False,False,1
KH00111045,True,True,False,False,False,False,False,False,2
KH00111050,True,True,True,False,False,False,False,False,3
KH00111085,False,False,False,True,True,False,False,False,2
KH00111090,False,False,False,False,False,False,False,False,0
KH00111125,True,True,False,False,False,False,False,False,2
KH00111130,False,True,False,False,False,False,False,False,1
KH00111165,True,True,False,False,False,True,False,True,3
KH00111170,False,True,True,False,False,False,False,False,2
KH00111205,False,True,False,True,False,False,False,False,2
KH00111210,False,False,False,False,True,False,False,False,1
KH00111245,False,True,False,False,False,False,False,False,1
KH00111250,True,True,False,True,False,False,False,False,3
KH00111285,True,True,True,True,False,False,True,False,4
KH00111290,False,False,False,False,False,False,False,False,0
KH00111325,True,False,False,False,False,False,False,False,1
KH00111330,False,True,False,True,False,False,False,False,2
KH00111365,True,False,False,True,True,False,False,False,3
KH00111370,False,True,False,False,False,False,False,False,1
KH00111405,False,True,False,True,False,False,False,False,2
KH00111410,True,True,True,True,False,True,False,True,5
KH00111445,True,True,True,True,False,True,False,True,5
KH00111450,False,False,False,False,True,False,False,False,1
KH00111485,True,True,False,True,False,True,False,True,4
KH00111490,True,False,False,False,True,True,False,True,3
KH00111525,False,True,True,False,False,False,False,False,2
KH00111530,False,True,True,False,False,False,False,False,2
KH00111565,True,True,True,True,False,True,False,True,5
KH00111570,False,True,False,True,False,False,False,False,2
KH00111605,True,True,True,False,False,False,False,False,3
KH00111610,True,True,True,False,False,True,False,True,4
KH00111645,False,True,False,False,False,False,False,False,1
KH00111650,False,False,False,False,False,False,False,False,0
KH00111685,False,True,True,True,False,False,False,False,3
KH00111690,False,False,False,False,True,False,False,False,1
KH00111725,False,True,False,False,False,False,False,False,1
KH00111730,True,True,False,False,False,True,False,True,3
KH00111765,True,True,True,False,False,False,False,False,3
KH00111770,True,True,False,True,False,True,False,True,4
KH00111805,True,True,False,False,False,True,False,True,3
KH00111810,False,False,False,False,True,False,False,False,1
KH00111845,False,True,True,True,False,False,False,False,3
KH00111850,True,True,True,False,False,False,True,False,3
KH00111885,False,False,False,True,True,False,False,False,2
KH00111890,False,False,False,False,False,False,False,False,0
KH00111925,False,False,False,False,False,False,False,False,0
KH00111930,True,True,True,True,False,True,False,True,5
KH00111965,True,False,True,False,False,True,True,True,3
KH00111970,False,False,False,True,False,False,False,False,1
KH00112005,False,False,False,False,False,False,False,False,0
KH00112010,False,True,False,False,True,False,False,False,2
KH00112045,False,False,False,True,True,False,False,False,2
KH00112050,False,True,True,True,False,False,False,False,3
KH00112085,True,True,False,True,False,False,False,False,3
KH00112090,False,True,True,False,False,False,False,False,2
KH00112125,False,True,False,False,False,False,False,False,1
KH00112130,True,True,False,True,False,False,True,False,3
KH00112165,False,True,True,False,False,False,False,False,2
KH00112170,True,True,False,False,False,True,False,True,3
KH00112205,True,True,True,False,False,False,True,False,3
KH00112210,True,True,True,True,False,False,False,False,4
KH00112245,True,False,False,False,False,True,False,True,2
KH00112250,False,True,False,True,False,False,False,False,2
KH00112285,False,True,False,False,False,False,False,False,1
KH00112290,True,True,False,False,False,False,False,False,2
KH00112325,False,False,False,False,False,False,False,False,0
KH00112330,False,False,False,False,False,False,False,False,0
KH00112365,True,True,False,False,True,True,False,True,4
KH00112370,False,False,False,False,True,False,False,False,1
KH00112405,False,True,False,False,False,False,False,False,1
KH00112410,False,True,False,True,False,False,False,False,2
KH00112445,True,True,False,False,False,True,False,True,3
KH00112450,True,True,False,False,False,False,False,False,2
KH00112485,True,True,True,False,False,False,False,False,3
KH00112490,False,False,False,False,True,False,False,False,1
KH00112525,False,True,True,False,False,False,False,False,2
KH00112530,False,True,False,True,False,False,False,False,2
KH00112565,True,True,False,False,False,True,True,True,3
KH00112570,True,False,False,False,False,False,False,False,1
KH00112605,False,True,False,False,False,False,False,False,1
KH00112610,False,True,False,False,False,False,False,False,1
KH00112645,True,True,False,False,False,True,False,True,3
KH00112650,False,False,False,False,False,False,False,False,0
KH00112685,False,True,False,False,False,False,False,False,1
KH00112690,False,True,False,False,False,False,False,False,1
KH00112725,True,False,False,False,True,False,False,False,2
KH00112730,False,False,False,True,True,False,False,False,2
KH00112765,False,True,False,True,False,False,False,False,2
KH00112770,True,True,False,False,False,False,False,False,2
KH00112805,True,True,True,True,False,True,False,True,5
KH00112810,False,False,False,False,False,False,False,False,0
KH00112845,True,True,True,False,False,False,False,False,3
KH00112850,False,True,False,False,False,False,False,False,1
KH00112885,True,True,False,False,False,True,False,True,3
KH00112890,False,True,False,True,False,False,False,False,2
KH00112925,False,False,False,False,False,False,False,False,0
KH00112930,False,True,False,True,False,False,False,False,2
KH00112965,False,False,False,False,True,False,False,False,1
KH00112970,False,False,False,False,False,False,False,False,0
KH00113005,False,False,False,False,False,False,False,False,0
KH00113010,False,True,True,True,False,False,False,False,3
KH00113045,False,True,False,True,False,False,False,False,2
KH00113050,False,False,False,False,True,False,False,False,1
KH00113085,False,True,False,False,False,False,False,False,1
KH00113090,True,False,False,False,False,True,False,True,2
KH00113125,False,True,True,True,False,False,False,False,3
KH00113130,False,True,False,False,False,False,False,False,1
KH00113165,True,True,True,False,False,True,True,True,4
KH00113170,True,True,True,False,False,True,False,True,4
KH00113205,True,True,True,False,False,True,False,True,4
KH00113210,False,True,False,False,False,False,False,False,1
KH00113245,True,False,False,False,False,False,False,False,1
KH00113250,False,True,True,False,False,False,False,False,2
KH00113285,False,False,False,False,False,False,False,False,0
KH00113290,True,True,True,True,False,False,False,False,4
KH00113325,False,True,False,False,False,False,False,False,1
KH00113330,True,False,False,False,False,True,False,True,2
KH00113365,True,True,True,True,False,True,False,True,5
KH00113370,False,True,False,False,False,False,False,False,1
KH00113405,False,True,True,True,False,False,False,False,3
KH00113410,False,False,False,False,False,False,False,False,0
KH00113445,True,True,False,True,False,False,False,False,3
KH00113450,False,True,False,False,False,False,False,False,1
KH00113485,True,True,True,False,False,True,False,True,4
KH00113490,True,True,True,True,False,False,False,False,4
KH00113525,False,True,False,False,False,False,False,False,1
KH00113530,False,False,False,False,True,False,False,False,1
KH00113565,True,True,True,True,False,True,True,True,5
KH00113570,True,True,False,False,False,False,False,False,2
KH00113605,False,False,False,False,False,False,False,False,0
KH00113610,False,True,False,False,False,False,False,False,1
KH00113645,False,False,False,False,False,False,False,False,0
KH00113650,True,True,False,False,False,True,False,False,3
KH00113685,False,False,False,True,True,False,False,False,2
KH00113690,False,False,False,False,True,False,False,False,1
KH00113725,False,True,True,True,False,False,False,False,3
KH00113730,False,False,False,False,False,False,False,False,0
KH00113765,True,True,False,True,False,False,False,False,3
KH00113770,True,True,True,False,False,True,False,True,4
KH00113805,True,True,False,False,True,False,False,False,3
KH00113810,True,True,False,False,False,False,False,False,2
KH00113845,False,True,False,False,False,False,False,False,1
KH00113850,False,False,False,False,False,False,False,False,0
KH00113885,False,False,False,False,False,False,False,False,0
KH00113890,True,True,True,False,False,True,False,True,4
KH00113925,False,False,False,True,True,False,False,False,2
KH00113930,False,True,False,True,False,False,False,False,2
KH00113965,True,True,True,False,False,True,True,True,4
KH00113970,True,False,False,False,False,True,False,True,2
KH00114005,False,False,False,False,False,False,False,False,0
KH00114010,False,True,True,True,False,False,False,False,3
KH00114045,False,True,False,False,False,False,False,False,1
KH00114050,False,True,False,False,False,False,False,False,1
KH00114085,False,True,True,True,False,False,False,False,3
KH00114090,False,True,True,True,False,False,False,False,3
KH00114125,False,True,False,False,False,False,False,False,1
KH00114130,False,True,False,False,False,False,False,False,1
KH00114165,False,False,True,True,False,False,False,False,2
KH00114170,True,True,True,False,False,True,False,True,4
KH00114205,False,True,False,False,False,False,False,False,1
KH00114210,False,False,False,False,True,False,False,False,1
KH00114245,True,True,False,False,False,True,False,True,3
KH00114250,False,False,False,False,True,False,False,False,1
KH00114285,False,False,False,True,True,False,False,False,2
KH00114290,False,True,False,False,False,False,False,False,1
KH00114325,False,True,False,False,False,False,False,False,1
KH00114330,False,True,False,False,False,False,False,False,1
KH00114365,False,True,True,True,False,False,False,False,3
KH00114370,True,True,False,False,False,False,False,False,2
KH00114405,True,True,True,True,False,False,False,False,4
KH00114410,False,True,False,True,False,False,False,False,2
KH00114445,True,True,False,False,False,True,False,True,3
KH00114450,True,True,True,False,False,True,False,True,4
KH00114485,True,True,False,True,False,False,True,False,3
KH00114490,False,True,False,False,False,False,False,False,1
KH00114525,False,False,False,True,False,False,False,False,1
KH00114530,True,True,True,False,False,False,False,False,3
KH00114565,False,True,False,True,False,False,False,False,2
KH00114570,False,False,False,True,False,False,False,False,1
KH00114605,False,False,False,False,True,False,False,False,1
KH00114610,True,True,True,True,False,True,False,True,5
KH00114645,False,True,False,False,False,False,False,False,1
KH00114650,True,True,False,True,False,False,False,False,3
KH00114685,True,True,False,True,False,True,True,True,4
KH00114690,True,True,False,False,False,True,False,True,3
KH00114725,True,False,False,False,True,False,False,False,2
KH00114730,True,True,True,False,False,True,False,True,4
KH00114765,True,True,True,False,False,False,False,False,3
KH00114770,False,True,False,False,False,False,False,False,1
KH00114805,True,True,False,False,False,True,False,True,3
KH00114810,False,False,False,True,True,False,False,False,2
KH00114845,False,False,False,False,False,False,False,False,0
KH00114850,False,False,False,False,True,False,False,False,1
KH00114885,True,True,False,True,False,False,False,False,3
KH00114890,False,True,False,False,False,False,False,False,1
KH00114925,True,True,True,False,False,False,True,False,3
KH00114930,True,False,False,False,False,True,False,True,2
KH00114965,False,True,False,False,False,False,False,False,1
KH00114970,False,True,False,False,False,False,False,False,1
KH00115005,True,True,True,True,False,True,False,True,5
KH00115010,False,True,False,False,True,False,False,False,2
KH00115045,False,True,False,False,False,False,False,False,1
KH00115050,False,False,False,False,False,False,False,False,0
KH00115085,True,True,True,False,False,True,False,True,4
KH00115090,True,True,False,False,False,False,False,False,2
KH00115125,True,True,False,False,False,True,False,True,3
KH00115130,True,True,False,False,False,True,True,True,3
KH00115165,True,False,False,True,True,True,False,True,4
KH00115170,False,False,False,False,False,False,False,False,0
KH00115205,True,True,True,False,False,False,False,False,3
KH00115210,True,False,False,False,False,False,False,False,1
KH00115245,True,True,True,False,False,True,False,True,4
KH00115250,True,True,False,False,False,False,False,False,2
KH00115285,False,True,False,False,False,False,False,False,1
KH00115290,False,True,False,False,False,False,False,False,1
KH00115325,False,True,False,False,False,False,False,False,1
KH00115330,False,True,False,False,False,False,False,False,1
KH00115365,False,True,False,True,False,False,False,False,2
KH00115370,False,False,False,True,True,False,False,False,2
KH00115405,False,True,False,False,False,False,False,False,1
KH00115410,True,True,False,False,False,False,False,False,2
KH00115445,True,True,True,False,False,False,True,False,3
KH00115450,False,False,False,False,False,False,False,False,0
KH00115485,True,False,False,False,False,True,False,True,2
KH00115490,False,True,False,False,False,False,False,False,1
KH00115525,False,False,False,False,True,False,False,False,1
KH00115530,False,True,False,False,False,False,False,False,1
KH00115565,False,False,False,False,True,False,False,False,1
KH00115570,False,True,False,True,False,False,False,False,2
KH00115605,False,False,False,False,True,False,False,False,1
KH00115610,True,True,False,True,False,True,False,True,4
KH00115645,False,False,False,False,True,False,False,False,1
KH00115650,True,True,True,False,False,False,True,False,3
KH00115685,False,True,True,True,False,False,False,False,3
KH00115690,False,True,True,False,False,False,False,False,2
KH00115725,True,False,False,False,False,False,False,False,1
KH00115730,True,True,True,False,False,True,False,True,4
KH00115765,False,False,False,False,True,False,False,False,1
KH00115770,False,True,False,False,False,False,False,False,1
KH00115805,True,True,True,False,False,False,False,False,3
KH00115810,True,False,False,False,False,False,False,False,1
KH00115845,False,True,False,True,False,False,False,False,2
KH00115850,False,True,False,False,False,False,False,False,1
KH00115885,False,False,False,False,False,False,False,False,0
KH00115890,False,False,False,True,False,False,False,False,1
KH00115925,False,True,False,False,False,False,False,False,1
KH00115930,False,True,False,False,False,False,False,False,1
KH00115965,True,True,True,True,False,False,False,False,4
KH00115970,False,True,False,False,False,False,False,False,1
KH00116005,True,False,False,False,False,True,False,True,2
KH00116010,True,True,True,False,False,True,False,True,4
KH00116045,True,True,True,False,False,True,False,True,4
KH00116050,True,True,True,True,False,True,True,True,5
KH00116085,True,True,False,False,False,False,False,False,2
KH00116090,True,True,True,True,False,True,True,True,5
KH00116125,False,False,False,False,True,False,False,False,1
KH00116130,True,True,True,True,False,True,True,True,5
KH00116165,False,True,False,False,True,False,False,False,2
KH00116170,False,True,False,False,False,False,False,False,1
KH00116205,True,True,False,True,False,True,False,True,4
KH00116210,False,True,False,False,False,False,False,False,1
KH00116245,False,True,False,False,False,False,False,False,1
KH00116250,False,True,False,False,False,False,False,False,1
KH00116285,False,False,False,False,False,False,False,False,0
KH00116290,True,True,True,False,False,False,False,False,3
KH00116325,False,True,True,False,False,False,False,False,2
KH00116330,False,True,False,False,False,False,False,False,1
KH00116365,True,True,False,False,False,True,False,True,3
KH00116370,False,False,False,False,True,False,False,False,1
KH00116405,True,False,False,False,False,False,False,False,1
KH00116410,False,True,True,True,False,False,False,False,3
KH00116445,False,False,False,False,True,False,False,False,1
KH00116450,True,True,False,False,False,False,False,False,2
KH00116485,True,False,False,True,True,False,False,False,3
KH00116490,True,True,True,True,False,True,False,True,5
KH00116525,False,True,False,False,False,False,False,False,1
KH00116530,False,False,False,False,False,False,False,False,0
KH00116565,True,True,True,False,False,True,False,True,4
KH00116570,False,False,False,False,False,False,False,False,0
KH00116605,False,False,False,False,True,False,False,False,1
KH00116610,False,True,True,True,False,False,False,False,3
KH00116645,False,False,False,False,True,False,False,False,1
KH00116650,False,False,False,False,False,False,False,False,0
KH00116685,True,True,False,False,False,False,False,False,2
KH00116690,False,True,False,True,False,False,False,False,2
KH00116725,False,False,False,False,True,False,False,False,1
KH00116730,True,True,False,False,False,False,False,False,2
KH00116765,True,True,False,True,False,False,False,False,3
KH00116770,True,True,False,False,False,True,False,True,3
KH00116805,True,False,False,True,True,False,False,False,3
KH00116810,True,True,False,False,False,True,False,True,3
KH00116845,False,True,True,False,False,False,False,False,2
KH00116850,True,True,False,False,False,False,False,False,2
KH00116885,False,True,True,False,False,False,False,False,2
KH00116890,False,False,False,False,False,False,False,False,0
KH00116925,False,False,False,False,False,False,False,False,0
KH00116930,True,True,False,False,False,True,False,True,3
KH00116965,True,True,False,False,False,True,False,True,3
KH00116970,False,True,False,True,False,False,False,False,2
KH00117005,True,True,False,False,False,True,False,True,3
KH00117010,False,False,False,False,False,False,False,False,0
KH00117045,False,True,False,True,False,False,False,False,2
KH00117050,False,True,False,False,False,False,False,False,1
KH00117085,False,True,False,True,False,False,False,False,2
KH00117090,False,True,False,True,True,False,False,False,3
KH00117125,False,False,False,True,True,False,False,False,2
KH00117130,True,True,False,False,False,False,False,False,2
KH00117165,False,True,True,True,False,False,False,False,3
KH00117170,False,True,False,False,False,False,False,False,1
KH00117205,False,True,True,False,False,False,False,False,2
KH00117210,True,False,False,False,False,False,False,False,1
KH00117245,False,False,False,False,False,False,False,False,0
KH00117250,False,True,False,True,False,False,False,False,2
KH00117285,False,False,False,False,True,False,False,False,1
KH00117290,True,True,True,True,False,True,False,True,5
KH00117325,False,False,False,False,False,False,False,False,0
KH00117330,False,True,False,False,False,False,False,False,1
KH00117365,False,True,False,False,False,False,False,False,1
KH00117370,True,True,False,False,False,True,False,True,3
KH00117405,False,True,False,True,False,False,False,False,2
KH00117410,False,False,False,True,True,False,False,False,2
KH00117445,False,False,False,False,True,False,False,False,1
KH00117450,False,False,False,False,False,False,False,False,0
KH00117485,False,True,True,True,False,False,False,False,3
KH00117490,False,False,False,False,False,False,False,False,0
KH00117525,False,True,False,True,False,False,False,False,2
KH00117530,True,True,True,False,False,False,True,False,3
KH00117565,True,True,False,False,False,True,False,True,3
KH00117570,False,False,False,False,False,False,False,False,0
KH00117605,True,False,False,False,False,True,False,True,2
KH00117610,False,True,False,True,False,False,False,False,2
KH00117645,False,True,False,True,False,False,False,False,2
KH00117650,False,True,False,True,False,False,False,False,2
KH00117685,True,True,True,False,False,False,False,False,3
KH00117690,False,True,True,False,False,False,False,False,2
KH00117725,False,False,False,False,False,False,False,False,0
KH00117730,False,False,False,False,False,False,False,False,0
KH00117765,True,False,False,False,False,True,False,True,2
KH00117770,True,False,False,True,False,False,False,False,2
KH00117805,False,True,True,True,False,False,False,False,3
KH00117810,False,True,False,False,False,False,False,False,1
KH00117845,True,True,False,True,False,False,True,False,3
KH00117850,True,True,True,False,False,True,False,True,4
KH00117885,False,True,False,False,False,False,False,False,1
KH00117890,False,False,False,False,True,False,False,False,1
KH00117925,False,True,False,False,False,False,False,False,1
KH00117930,False,True,False,False,False,False,False,False,1
KH00117965,True,True,False,True,False,True,True,True,4
KH00117970,True,True,True,False,False,True,True,True,4
KH00118005,False,True,True,False,False,False,False,False,2
KH00118010,True,True,False,False,False,True,False,True,3
KH00118045,True,True,True,True,False,True,True,True,5
KH00118050,False,True,True,True,False,False,False,False,3
KH00118085,True,True,False,True,False,True,False,True,4
KH00118090,True,True,False,False,False,False,False,False,2
KH00118125,False,True,False,True,False,False,False,False,2
KH00118130,False,False,False,False,True,False,False,False,1
KH00118165,False,False,False,True,True,False,False,False,2
KH00118170,False,True,True,False,False,False,False,False,2
KH00118205,False,False,False,False,False,False,False,False,0
KH00118210,False,True,False,False,False,False,False,False,1
KH00118245,False,True,False,False,False,False,False,False,1
KH00118250,False,False,False,False,True,False,False,False,1
KH00118285,True,True,False,True,False,False,False,False,3
KH00118290,False,True,False,False,False,False,False,False,1
KH00118325,False,False,False,False,False,False,False,False,0
KH00118330,False,True,False,False,False,False,False,False,1
KH00118365,False,True,True,True,False,False,False,False,3
KH00118370,True,False,False,False,True,True,True,True,3
KH00118405,False,True,False,True,False,False,False,False,2
KH00118410,True,True,True,False,False,True,False,True,4
KH00118445,False,True,True,False,False,False,False,False,2
KH00118450,False,False,False,True,False,False,False,False,1
KH00118485,True,True,False,True,False,False,True,False,3
KH00118490,True,True,False,True,False,False,False,False,3
KH00118525,False,True,False,False,False,False,False,False,1
KH00118530,True,True,True,True,False,True,True,True,5
KH00118565,True,False,False,False,False,True,False,True,2
KH00118570,True,True,True,False,False,True,False,True,4
KH00118605,False,False,False,False,False,False,False,False,0
KH00118610,False,True,False,True,False,False,False,False,2
KH00118645,False,True,False,True,False,False,False,False,2
KH00118650,True,False,False,False,False,True,False,True,2
KH00118685,False,True,False,False,False,False,False,False,1
KH00118690,False,True,False,True,False,False,False,False,2
KH00118725,False,True,False,False,False,False,False,False,1
KH00118730,True,True,False,False,False,False,False,False,2
KH00118765,False,False,False,False,True,False,False,False,1
KH00118770,False,True,False,False,False,False,False,False,1
KH00118805,False,True,False,False,False,False,False,False,1
KH00118810,False,True,True,True,False,False,False,False,3
KH00118845,False,False,False,False,False,False,False,False,0
KH00118850,False,True,True,True,False,False,False,False,3
KH00118885,True,True,False,False,False,False,False,False,2
KH00118890,True,True,True,True,False,True,False,True,5
KH00118925,False,False,False,False,True,False,False,False,1
KH00118930,True,True,False,False,False,False,False,False,2
KH00118965,False,False,False,False,True,False,False,False,1
KH00118970,True,True,False,False,False,False,False,False,2
KH00119005,False,False,False,False,True,False,False,False,1
KH00119010,True,True,False,False,False,True,True,True,3
KH00119045,True,True,False,False,True,True,False,True,4
KH00119050,False,True,False,False,False,False,False,False,1
KH00119085,True,True,False,False,False,True,True,True,3
KH00119090,True,True,False,False,False,True,False,True,3
KH00119125,False,True,False,False,False,False,False,False,1
KH00119130,True,True,False,False,False,True,False,True,3
KH00119165,False,True,False,False,False,False,False,False,1
KH00119170,True,True,True,True,False,False,False,False,4
KH00119205,True,True,True,False,False,True,False,True,4
KH00119210,True,True,True,False,False,True,False,True,4
KH00119245,True,True,True,False,False,True,False,True,4
KH00119250,True,True,False,True,False,False,True,False,3
KH00119285,False,False,False,False,True,False,False,False,1
KH00119290,True,True,False,False,False,True,False,True,3
KH00119325,False,False,False,False,True,False,False,False,1
KH00119330,False,True,False,False,False,False,False,False,1
KH00119365,True,True,True,False,False,False,False,False,3
KH00119370,True,True,True,False,False,False,False,False,3
KH00119405,False,True,False,False,False,False,False,False,1
KH00119410,False,True,False,True,False,False,False,False,2
KH00119445,False,True,False,False,False,False,False,False,1
KH00119450,False,True,True,False,False,False,False,False,2
KH00119485,False,False,False,False,True,False,False,False,1
KH00119490,False,False,False,False,False,False,False,False,0
KH00119525,True,True,True,True,False,True,True,True,5
KH00119530,True,False,False,False,False,False,False,False,1
KH00119565,True,True,False,False,False,True,True,True,3
KH00119570,False,True,True,False,False,False,False,False,2
KH00119605,False,True,False,False,False,False,False,False,1
KH00119610,False,False,False,False,False,False,False,False,0
KH00119645,False,False,False,False,False,False,False,False,0
KH00119650,False,False,False,False,False,False,False,False,0
KH00119685,False,False,False,False,True,False,False,False,1
KH00119690,False,True,False,True,False,False,False,False,2
KH00119725,False,False,False,False,False,False,False,False,0
KH00119730,True,True,True,False,False,True,False,True,4
KH00119765,False,True,False,True,False,False,False,False,2
KH00119770,False,False,False,False,True,False,False,False,1
KH00119805,True,True,True,True,False,True,False,True,5
KH00119810,False,True,False,False,True,False,False,False,2
KH00119845,False,False,False,False,False,False,False,False,0
KH00119850,True,True,True,False,False,False,False,False,3
KH00119885,False,True,False,True,False,False,False,False,2
KH00119890,False,True,False,False,False,False,False,False,1
KH00119925,False,True,False,True,False,False,False,False,2
KH00119930,False,False,False,False,True,False,False,False,1
KH00119965,False,False,False,False,False,False,False,False,0
KH00119970,True,True,True,True,False,True,False,True,5
