occupation,occupation_group
Biên tập viên chuyên đề tạp chí,"Truyền thông, nghệ thuật và thiết kế"
Biên tập viên hiệu đính,"Truyền thông, nghệ thuật và thiết kế"
Biên tập viên hiệu đính báo chí,"Truyền thông, nghệ thuật và thiết kế"
Biên tập viên đặt bài,"Truyền thông, nghệ thuật và thiết kế"
Bác sĩ bệnh viện,Y tế và chăm sóc sức khỏe
Bác sĩ chuyên khoa bàn chân,Y tế và chăm sóc sức khỏe
Bác sĩ giải phẫu bệnh,Y tế và chăm sóc sức khỏe
Bác sĩ phẫu thuật,Y tế và chăm sóc sức khỏe
Bác sĩ phẫu thuật thần kinh,Y tế và chăm sóc sức khỏe
Bác sĩ thú y,Y tế và chăm sóc sức khỏe
Bác sĩ tâm thần,Y tế và chăm sóc sức khỏe
Bác sĩ ung bướu,Y tế và chăm sóc sức khỏe
Bác sĩ đa khoa,Y tế và chăm sóc sức khỏe
Bác sĩ đo mắt,Y tế và chăm sóc sức khỏe
Chuyên viên an toàn lao động,Y tế và chăm sóc sức khỏe
Chuyên viên biên tập nội dung,"Truyền thông, nghệ thuật và thiết kế"
Chuyên viên châm cứu,Y tế và chăm sóc sức khỏe
Chuyên viên chăm sóc bàn chân,Y tế và chăm sóc sức khỏe
Chuyên viên chăm sóc cây,Nông nghiệp và môi trường
Chuyên viên chỉnh thị,Y tế và chăm sóc sức khỏe
Chuyên viên cây xanh cảnh quan,Nông nghiệp và môi trường
Chuyên viên công nghệ chăn nuôi,Nông nghiệp và môi trường
Chuyên viên công nghệ dệt may,Kỹ thuật và xây dựng
Chuyên viên công nghệ kiến trúc,Kỹ thuật và xây dựng
Chuyên viên công nghệ màu sắc,Kỹ thuật và xây dựng
Chuyên viên cắt tỉa cây,Nông nghiệp và môi trường
Chuyên viên di truyền tế bào lâm sàng,Y tế và chăm sóc sức khỏe
Chuyên viên dinh dưỡng vật nuôi,Nông nghiệp và môi trường
Chuyên viên dự toán xây dựng,Kỹ thuật và xây dựng
Chuyên viên dựng phim,"Truyền thông, nghệ thuật và thiết kế"
Chuyên viên giám sát xây dựng,Kỹ thuật và xây dựng
Chuyên viên giám định rủi ro bảo hiểm,Tài chính và pháp lý
Chuyên viên giám định tổn thất công chứng,Tài chính và pháp lý
Chuyên viên gây quỹ từ thiện,Khu vực công và cộng đồng
Chuyên viên hoạch định quảng cáo,"Truyền thông, nghệ thuật và thiết kế"
Chuyên viên hoạch định truyền thông,"Truyền thông, nghệ thuật và thiết kế"
Chuyên viên hoạt hình,"Truyền thông, nghệ thuật và thiết kế"
Chuyên viên khảo sát bất động sản,Kỹ thuật và xây dựng
Chuyên viên khảo sát công trình,Kỹ thuật và xây dựng
Chuyên viên khảo sát khoáng sản,Kỹ thuật và xây dựng
Chuyên viên khảo sát mỏ,Kỹ thuật và xây dựng
Chuyên viên khảo sát nông thôn,Nông nghiệp và môi trường
Chuyên viên khảo sát thủy văn,Khoa học và nghiên cứu
Chuyên viên kinh doanh,Kinh doanh và dịch vụ
Chuyên viên kinh doanh công nghệ thông tin,Công nghệ thông tin
Chuyên viên kính thuốc,Y tế và chăm sóc sức khỏe
Chuyên viên kỹ xảo,"Truyền thông, nghệ thuật và thiết kế"
Chuyên viên làm vườn thương mại,Nông nghiệp và môi trường
Chuyên viên lưu trữ,Kinh doanh và dịch vụ
Chuyên viên mua quảng cáo,"Truyền thông, nghệ thuật và thiết kế"
Chuyên viên nghiên cứu chính trị,Khoa học và nghiên cứu
Chuyên viên nghiên cứu chương trình,Khoa học và nghiên cứu
Chuyên viên nghiên cứu công đoàn,Khoa học và nghiên cứu
Chuyên viên nghiên cứu thị trường,Kinh doanh và dịch vụ
Chuyên viên nghiên cứu viễn thông,Khoa học và nghiên cứu
Chuyên viên nghiên cứu vận hành,Khoa học và nghiên cứu
Chuyên viên nghiên cứu xã hội,Khoa học và nghiên cứu
Chuyên viên ngân hàng bán lẻ,Tài chính và pháp lý
Chuyên viên ngân hàng đầu tư doanh nghiệp,Tài chính và pháp lý
Chuyên viên ngân hàng đầu tư vận hành,Tài chính và pháp lý
Chuyên viên nhân sự,Kinh doanh và dịch vụ
Chuyên viên nắn chỉnh xương,Y tế và chăm sóc sức khỏe
Chuyên viên pháp chế,Tài chính và pháp lý
Chuyên viên pháp lý nhà đất,Tài chính và pháp lý
Chuyên viên pháp lý được cấp chứng chỉ,Tài chính và pháp lý
Chuyên viên phân tích hệ thống,Công nghệ thông tin
Chuyên viên phân tích rủi ro,Tài chính và pháp lý
Chuyên viên phân tích tình báo,Khu vực công và cộng đồng
Chuyên viên phân tích đầu tư,Tài chính và pháp lý
Chuyên viên phân tích địa chấn,Khoa học và nghiên cứu
Chuyên viên phôi học lâm sàng,Y tế và chăm sóc sức khỏe
Chuyên viên phục chế bảo tàng,"Truyền thông, nghệ thuật và thiết kế"
Chuyên viên phục chế đồ gỗ,"Truyền thông, nghệ thuật và thiết kế"
Chuyên viên quan hệ công chúng,"Truyền thông, nghệ thuật và thiết kế"
Chuyên viên quy hoạch giao thông,Kỹ thuật và xây dựng
Chuyên viên quy hoạch và phát triển,Kỹ thuật và xây dựng
Chuyên viên quy hoạch đô thị,Kỹ thuật và xây dựng
Chuyên viên quản lý khách hàng quảng cáo,"Truyền thông, nghệ thuật và thiết kế"
Chuyên viên quản lý đất đai,Khu vực công và cộng đồng
Chuyên viên sinh lý vận động,Y tế và chăm sóc sức khỏe
Chuyên viên thu mua bán lẻ,Kinh doanh và dịch vụ
Chuyên viên thu mua công nghiệp,Kinh doanh và dịch vụ
Chuyên viên thuế cấp cao,Tài chính và pháp lý
Chuyên viên thông tin hướng nghiệp,Giáo dục
Chuyên viên thẩm định bảo hiểm,Tài chính và pháp lý
Chuyên viên thẩm định bồi thường,Tài chính và pháp lý
Chuyên viên tiếp thị,Kinh doanh và dịch vụ
Chuyên viên trang điểm,"Truyền thông, nghệ thuật và thiết kế"
Chuyên viên truyền thông sức khỏe,Y tế và chăm sóc sức khỏe
Chuyên viên trưng bày bán lẻ,Kinh doanh và dịch vụ
Chuyên viên trưng bày sản phẩm,Kinh doanh và dịch vụ
Chuyên viên trắc địa,Kỹ thuật và xây dựng
Chuyên viên trị liệu bằng làm vườn,Y tế và chăm sóc sức khỏe
Chuyên viên trị liệu dinh dưỡng,Y tế và chăm sóc sức khỏe
Chuyên viên trị liệu kịch nghệ,Y tế và chăm sóc sức khỏe
Chuyên viên trị liệu nghề nghiệp,Y tế và chăm sóc sức khỏe
Chuyên viên trị liệu nghệ thuật,Y tế và chăm sóc sức khỏe
Chuyên viên trị liệu thảo dược,Y tế và chăm sóc sức khỏe
Chuyên viên trị liệu thể thao,Y tế và chăm sóc sức khỏe
Chuyên viên trị liệu âm nhạc,Y tế và chăm sóc sức khỏe
Chuyên viên tư vấn công nghệ thông tin,Công nghệ thông tin
Chuyên viên tư vấn hưu trí,Tài chính và pháp lý
Chuyên viên tư vấn hướng nghiệp,Giáo dục
Chuyên viên tư vấn hướng nghiệp bậc đại học,Giáo dục
Chuyên viên tư vấn làm vườn,Nông nghiệp và môi trường
Chuyên viên tư vấn môi trường,Nông nghiệp và môi trường
Chuyên viên tư vấn nông nghiệp,Nông nghiệp và môi trường
Chuyên viên tư vấn quan hệ công chúng,"Truyền thông, nghệ thuật và thiết kế"
Chuyên viên tư vấn quản lý,Kinh doanh và dịch vụ
Chuyên viên tư vấn thuế,Tài chính và pháp lý
Chuyên viên tư vấn tài chính,Tài chính và pháp lý
Chuyên viên tư vấn tâm lý,Y tế và chăm sóc sức khỏe
Chuyên viên tổ chức sự kiện,Kinh doanh và dịch vụ
Chuyên viên vi lượng đồng căn,Y tế và chăm sóc sức khỏe
Chuyên viên viết nội dung quảng cáo,"Truyền thông, nghệ thuật và thiết kế"
Chuyên viên vật lý trị liệu,Y tế và chăm sóc sức khỏe
Chuyên viên vẽ bản đồ,Kỹ thuật và xây dựng
Chuyên viên vệ sinh lao động,Y tế và chăm sóc sức khỏe
Chuyên viên xúc tiến bán hàng,Kinh doanh và dịch vụ
Chuyên viên xử lý bồi thường bảo hiểm,Tài chính và pháp lý
Chuyên viên y tế môi trường,Nông nghiệp và môi trường
Chánh văn phòng,Khu vực công và cộng đồng
Chủ nhiệm ánh sáng trường quay,"Truyền thông, nghệ thuật và thiết kế"
Cán bộ bình đẳng và đa dạng,Khu vực công và cộng đồng
Cán bộ bảo tồn công trình di tích,Kỹ thuật và xây dựng
Cán bộ bảo tồn thiên nhiên,Nông nghiệp và môi trường
Cán bộ chính quyền địa phương,Khu vực công và cộng đồng
Cán bộ du lịch,Khu vực công và cộng đồng
Cán bộ giáo dục bảo tàng,Giáo dục
Cán bộ giáo dục cộng đồng,Giáo dục
Cán bộ giáo dục môi trường,Nông nghiệp và môi trường
Cán bộ hành chính địa phương,Khu vực công và cộng đồng
Cán bộ phát triển nghệ thuật,"Truyền thông, nghệ thuật và thiết kế"
Cán bộ phát triển thể thao,Khu vực công và cộng đồng
Cán bộ quan hệ sắc tộc,Khu vực công và cộng đồng
Cán bộ quản chế,Khu vực công và cộng đồng
Cán bộ quản lý chất thải,Nông nghiệp và môi trường
Cán bộ quản lý thể thao,Khu vực công và cộng đồng
Cán bộ quản lý thị trường,Khu vực công và cộng đồng
Cán bộ thông tin,Khu vực công và cộng đồng
Cán bộ thủy sản,Nông nghiệp và môi trường
Cán bộ thử nghiệm hiện trường,Khu vực công và cộng đồng
Cán bộ triển lãm bảo tàng,"Truyền thông, nghệ thuật và thiết kế"
Cán bộ trại giam,Khu vực công và cộng đồng
Cán bộ tổ chức từ thiện,Khu vực công và cộng đồng
Cán bộ xuất nhập cảnh,Khu vực công và cộng đồng
Cán bộ đào tạo và phát triển,Khu vực công và cộng đồng
Cán bộ ứng phó khẩn cấp,Khu vực công và cộng đồng
Công chức diện đào tạo nhanh,Khu vực công và cộng đồng
Công chức hành chính,Khu vực công và cộng đồng
Cảnh sát,Khu vực công và cộng đồng
Dược sĩ bệnh viện,Y tế và chăm sóc sức khỏe
Dược sĩ cộng đồng,Y tế và chăm sóc sức khỏe
Giám đốc chiến lược,Kinh doanh và dịch vụ
Giám đốc công nghệ,Công nghệ thông tin
Giám đốc tiếp thị,Kinh doanh và dịch vụ
Giám đốc tài chính,Tài chính và pháp lý
Giám đốc vận hành,Kinh doanh và dịch vụ
Giáo sư danh dự,Giáo dục
Giáo viên dạy nhạc,Giáo dục
Giáo viên giáo dục người lớn,Giáo dục
Giáo viên giáo dục đặc biệt,Giáo dục
Giáo viên mầm non,Giáo dục
Giáo viên tiếng anh,Giáo dục
Giáo viên tiểu học,Giáo dục
Giáo viên trung học,Giáo dục
Giảng viên công nghệ thông tin,Công nghệ thông tin
Giảng viên giáo dục thường xuyên,Giáo dục
Giảng viên đại học,Giáo dục
Họa sĩ,"Truyền thông, nghệ thuật và thiết kế"
Họa sĩ minh họa,"Truyền thông, nghệ thuật và thiết kế"
Kiến trúc sư,Kỹ thuật và xây dựng
Kiến trúc sư cảnh quan,Kỹ thuật và xây dựng
Kiểm lâm,Nông nghiệp và môi trường
Kiểm soát viên không lưu,Kinh doanh và dịch vụ
Kiểm soát viên tài chính,Tài chính và pháp lý
Kế toán công chứng,Tài chính và pháp lý
Kế toán công tài chính công,Tài chính và pháp lý
Kế toán viên công chứng,Tài chính và pháp lý
Kế toán viên tài chính công,Tài chính và pháp lý
Kỹ sư bảo trì,Kỹ thuật và xây dựng
Kỹ sư công trường,Kỹ thuật và xây dựng
Kỹ sư cơ khí,Kỹ thuật và xây dựng
Kỹ sư cơ điện công trình,Kỹ thuật và xây dựng
Kỹ sư cấp thoát nước,Kỹ thuật và xây dựng
Kỹ sư dầu khí,Kỹ thuật và xây dựng
Kỹ sư hàng không,Kỹ thuật và xây dựng
Kỹ sư hóa học,Kỹ thuật và xây dựng
Kỹ sư hệ thống sản xuất,Kỹ thuật và xây dựng
Kỹ sư khai thác mỏ,Kỹ thuật và xây dựng
Kỹ sư khoan,Kỹ thuật và xây dựng
Kỹ sư kinh doanh kỹ thuật,Kỹ thuật và xây dựng
Kỹ sư kết cấu,Kỹ thuật và xây dựng
Kỹ sư mạng,Công nghệ thông tin
Kỹ sư nông nghiệp,Nông nghiệp và môi trường
Kỹ sư năng lượng,Kỹ thuật và xây dựng
Kỹ sư phát thanh truyền hình,Kỹ thuật và xây dựng
Kỹ sư phần mềm,Công nghệ thông tin
Kỹ sư sản xuất,Kỹ thuật và xây dựng
Kỹ sư trắc địa,Kỹ thuật và xây dựng
Kỹ sư viễn thông,Kỹ thuật và xây dựng
Kỹ sư vận hành phát sóng,Kỹ thuật và xây dựng
Kỹ sư vật liệu,Kỹ thuật và xây dựng
Kỹ sư xây dựng dân dụng,Kỹ thuật và xây dựng
Kỹ sư xây dựng thi công,Kỹ thuật và xây dựng
Kỹ sư xây dựng tư vấn,Kỹ thuật và xây dựng
Kỹ sư y sinh,Kỹ thuật và xây dựng
Kỹ sư ô tô,Kỹ thuật và xây dựng
Kỹ sư điều khiển và tự động hóa,Kỹ thuật và xây dựng
Kỹ sư điện,Kỹ thuật và xây dựng
Kỹ sư điện tử,Kỹ thuật và xây dựng
Kỹ sư đóng tàu,Kỹ thuật và xây dựng
Kỹ thuật viên chẩn đoán hình ảnh,Y tế và chăm sóc sức khỏe
Kỹ thuật viên kế toán,Tài chính và pháp lý
Kỹ thuật viên phân tích mẫu khoan,Khoa học và nghiên cứu
Kỹ thuật viên phòng thí nghiệm,Khoa học và nghiên cứu
Kỹ thuật viên phòng thí nghiệm giảng dạy,Giáo dục
Kỹ thuật viên sản xuất bia,Kỹ thuật và xây dựng
Kỹ thuật viên xạ trị,Y tế và chăm sóc sức khỏe
Kỹ thuật viên y tế,Y tế và chăm sóc sức khỏe
Luật sư,Tài chính và pháp lý
Luật sư sáng chế,Tài chính và pháp lý
Luật sư sở hữu trí tuệ,Tài chính và pháp lý
Luật sư tranh tụng,Tài chính và pháp lý
Luật sư tư vấn,Tài chính và pháp lý
Luật sư tư vấn (Scotland),Tài chính và pháp lý
Lính cứu hỏa,Khu vực công và cộng đồng
Lập trình viên hệ thống,Công nghệ thông tin
Lập trình viên đa phương tiện,Công nghệ thông tin
Lập trình viên ứng dụng,Công nghệ thông tin
Nghiên cứu viên lâm sàng,Y tế và chăm sóc sức khỏe
Nghệ nhân thổi thủy tinh,"Truyền thông, nghệ thuật và thiết kế"
Nghệ sĩ,"Truyền thông, nghệ thuật và thiết kế"
Người bán sách,Kinh doanh và dịch vụ
Người dẫn chương trình phát sóng,"Truyền thông, nghệ thuật và thiết kế"
Người hướng dẫn học tập,Giáo dục
Người phụ trách bảo tàng,"Truyền thông, nghệ thuật và thiết kế"
Người quay phim,"Truyền thông, nghệ thuật và thiết kế"
Người quay phim truyền hình,"Truyền thông, nghệ thuật và thiết kế"
Nhà biên soạn từ điển,Giáo dục
Nhà báo,"Truyền thông, nghệ thuật và thiết kế"
Nhà báo phát thanh truyền hình,"Truyền thông, nghệ thuật và thiết kế"
Nhà báo tạp chí,"Truyền thông, nghệ thuật và thiết kế"
Nhà chọn giống cây trồng,Nông nghiệp và môi trường
Nhà di truyền học phân tử,Khoa học và nghiên cứu
Nhà di truyền tế bào học,Khoa học và nghiên cứu
Nhà dược lý học,Khoa học và nghiên cứu
Nhà giao dịch cổ phiếu,Tài chính và pháp lý
Nhà giao dịch hợp đồng tương lai,Tài chính và pháp lý
Nhà giao dịch tài chính,Tài chính và pháp lý
Nhà hóa học phân tích,Khoa học và nghiên cứu
Nhà hóa sinh lâm sàng,Khoa học và nghiên cứu
Nhà hải dương học,Khoa học và nghiên cứu
Nhà khoa học biển,Khoa học và nghiên cứu
Nhà khoa học chất lượng nước,Khoa học và nghiên cứu
Nhà khoa học dữ liệu,Công nghệ thông tin
Nhà khoa học lâm sàng miễn dịch di truyền,Khoa học và nghiên cứu
Nhà khoa học nghiên cứu khoa học sự sống,Khoa học và nghiên cứu
Nhà khoa học nghiên cứu khoa học tự nhiên,Khoa học và nghiên cứu
Nhà khoa học nghiên cứu toán học,Khoa học và nghiên cứu
Nhà khoa học nghiên cứu y học,Khoa học và nghiên cứu
Nhà khoa học phát triển sản phẩm,Khoa học và nghiên cứu
Nhà khoa học sinh lý,Khoa học và nghiên cứu
Nhà khoa học thính học,Y tế và chăm sóc sức khỏe
Nhà khoa học thổ nhưỡng,Nông nghiệp và môi trường
Nhà khoa học y sinh,Khoa học và nghiên cứu
Nhà khoa học địa chất,Khoa học và nghiên cứu
Nhà khảo cổ học,Khoa học và nghiên cứu
Nhà kinh tế học,Khoa học và nghiên cứu
Nhà luyện kim,Khoa học và nghiên cứu
Nhà miễn dịch học,Khoa học và nghiên cứu
Nhà môi giới bảo hiểm,Tài chính và pháp lý
Nhà môi giới hàng không,Kinh doanh và dịch vụ
Nhà môi giới tàu biển,Kinh doanh và dịch vụ
Nhà nghiên cứu bò sát,Khoa học và nghiên cứu
Nhà sinh thái học,Nông nghiệp và môi trường
Nhà sản xuất phát thanh,"Truyền thông, nghệ thuật và thiết kế"
Nhà sản xuất truyền hình,"Truyền thông, nghệ thuật và thiết kế"
Nhà thiết kế bối cảnh,"Truyền thông, nghệ thuật và thiết kế"
Nhà thiết kế bối cảnh phim,"Truyền thông, nghệ thuật và thiết kế"
Nhà thiết kế dệt may,"Truyền thông, nghệ thuật và thiết kế"
Nhà thiết kế gốm sứ,"Truyền thông, nghệ thuật và thiết kế"
Nhà thiết kế nội thất,"Truyền thông, nghệ thuật và thiết kế"
Nhà thiết kế sản phẩm,"Truyền thông, nghệ thuật và thiết kế"
Nhà thiết kế sản phẩm công nghiệp,"Truyền thông, nghệ thuật và thiết kế"
Nhà thiết kế trang sức,"Truyền thông, nghệ thuật và thiết kế"
Nhà thiết kế triển lãm,"Truyền thông, nghệ thuật và thiết kế"
Nhà thiết kế web,Công nghệ thông tin
Nhà thiết kế đa phương tiện,"Truyền thông, nghệ thuật và thiết kế"
Nhà thiết kế đồ gỗ,"Truyền thông, nghệ thuật và thiết kế"
Nhà thầu,Kỹ thuật và xây dựng
Nhà thống kê,Khoa học và nghiên cứu
Nhà thủy văn học,Khoa học và nghiên cứu
Nhà trị liệu tâm lý,Y tế và chăm sóc sức khỏe
Nhà trị liệu tâm lý qua chuyển động,Y tế và chăm sóc sức khỏe
Nhà trị liệu tâm lý trẻ em,Y tế và chăm sóc sức khỏe
Nhà tâm lý học giáo dục,Y tế và chăm sóc sức khỏe
Nhà tâm lý học lâm sàng,Y tế và chăm sóc sức khỏe
Nhà tâm lý học nghề nghiệp,Y tế và chăm sóc sức khỏe
Nhà tâm lý học pháp y,Y tế và chăm sóc sức khỏe
Nhà tâm lý học thể thao,Y tế và chăm sóc sức khỏe
Nhà tâm lý học tư vấn,Y tế và chăm sóc sức khỏe
Nhà văn,"Truyền thông, nghệ thuật và thiết kế"
Nhà văn khoa học,Khoa học và nghiên cứu
Nhà vật lý y khoa,Y tế và chăm sóc sức khỏe
Nhà vật lý y tế,Y tế và chăm sóc sức khỏe
Nhà địa chấn học hiện trường,Khoa học và nghiên cứu
Nhà địa chất công trình,Khoa học và nghiên cứu
Nhà địa chất hiện trường,Khoa học và nghiên cứu
Nhà địa chất thủy văn,Khoa học và nghiên cứu
Nhà địa hóa học,Khoa học và nghiên cứu
Nhà địa vật lý,Khoa học và nghiên cứu
Nhà độc chất học,Khoa học và nghiên cứu
Nhân viên cấp cứu,Y tế và chăm sóc sức khỏe
Nhân viên cứu trợ,Khu vực công và cộng đồng
Nhân viên cứu trợ quốc tế,Khu vực công và cộng đồng
Nhân viên giao dịch,Tài chính và pháp lý
Nhân viên giao nhận vận tải,Kinh doanh và dịch vụ
Nhân viên nghệ thuật cộng đồng,"Truyền thông, nghệ thuật và thiết kế"
Nhân viên pha chế cà phê,Kinh doanh và dịch vụ
Nhân viên phát triển cộng đồng,Khu vực công và cộng đồng
Nhân viên tư vấn hỗ trợ,Khu vực công và cộng đồng
Nhân viên xe cứu thương,Y tế và chăm sóc sức khỏe
Nhân viên y tế cộng đồng,Y tế và chăm sóc sức khỏe
Nhạc sĩ,"Truyền thông, nghệ thuật và thiết kế"
Phi công hàng không,Kinh doanh và dịch vụ
Phó giáo sư,Giáo dục
Phóng viên ảnh,"Truyền thông, nghệ thuật và thiết kế"
Quản lý bán lẻ,Kinh doanh và dịch vụ
Quản lý bất động sản,Kinh doanh và dịch vụ
Quản lý bối cảnh quay,"Truyền thông, nghệ thuật và thiết kế"
Quản lý công ty du lịch,Kinh doanh và dịch vụ
Quản lý công viên giải trí,Kinh doanh và dịch vụ
Quản lý cơ sở vật chất,Kinh doanh và dịch vụ
Quản lý di sản,"Truyền thông, nghệ thuật và thiết kế"
Quản lý dịch vụ y tế,Y tế và chăm sóc sức khỏe
Quản lý dịch vụ ăn uống,Kinh doanh và dịch vụ
Quản lý hoạt động ngoài trời,Kinh doanh và dịch vụ
Quản lý hậu cần và phân phối,Kinh doanh và dịch vụ
Quản lý hệ thống thông tin,Công nghệ thông tin
Quản lý hồ sơ,Kinh doanh và dịch vụ
Quản lý kho,Kinh doanh và dịch vụ
Quản lý khách sạn,Kinh doanh và dịch vụ
Quản lý lâm nghiệp,Nông nghiệp và môi trường
Quản lý môi trường,Nông nghiệp và môi trường
Quản lý mỏ đá,Kỹ thuật và xây dựng
Quản lý nhà hàng thức ăn nhanh,Kinh doanh và dịch vụ
Quản lý nhà hát,"Truyền thông, nghệ thuật và thiết kế"
Quản lý nông trại,Nông nghiệp và môi trường
Quản lý năng lượng,Kinh doanh và dịch vụ
Quản lý phòng tranh,"Truyền thông, nghệ thuật và thiết kế"
Quản lý quán bar,Kinh doanh và dịch vụ
Quản lý quỹ hưu trí,Tài chính và pháp lý
Quản lý sân khấu,"Truyền thông, nghệ thuật và thiết kế"
Quản lý sản phẩm,Kinh doanh và dịch vụ
Quản lý sản xuất,Kinh doanh và dịch vụ
Quản lý thu mua,Kinh doanh và dịch vụ
Quản lý tour du lịch,Kinh doanh và dịch vụ
Quản lý trung tâm giải trí,Kinh doanh và dịch vụ
Quản lý trung tâm thông tin du lịch,Kinh doanh và dịch vụ
Quản lý trung tâm thể hình,Kinh doanh và dịch vụ
Quản lý trường quay,"Truyền thông, nghệ thuật và thiết kế"
Quản lý tổng đài,Kinh doanh và dịch vụ
Quản trị viên,Kinh doanh và dịch vụ
Quản trị viên cơ sở dữ liệu,Công nghệ thông tin
Quản trị viên giáo dục,Giáo dục
Quản trị viên nghệ thuật,"Truyền thông, nghệ thuật và thiết kế"
Quản trị viên tổ chức từ thiện,Khu vực công và cộng đồng
Sĩ quan huấn luyện quân đội,Khu vực công và cộng đồng
Sĩ quan hậu cần quân đội,Khu vực công và cộng đồng
Sĩ quan kỹ thuật quân đội,Khu vực công và cộng đồng
Thanh tra công trình di tích,Kỹ thuật và xây dựng
Thanh tra thuế,Tài chính và pháp lý
Thông dịch viên,"Truyền thông, nghệ thuật và thiết kế"
Thư ký công ty,Kinh doanh và dịch vụ
Thư ký hành chính,Kinh doanh và dịch vụ
Thư ký luật sư tranh tụng,Tài chính và pháp lý
Thư ký pháp lý,Tài chính và pháp lý
Thư ký y khoa,Y tế và chăm sóc sức khỏe
Thầy thuốc đông y,Y tế và chăm sóc sức khỏe
Thủ thư học thuật,Giáo dục
Thủ thư thư viện công cộng,Giáo dục
Tiếp viên hàng không,Kinh doanh và dịch vụ
Trình dược viên,Y tế và chăm sóc sức khỏe
Trợ lý chính trị gia,Khu vực công và cộng đồng
Trợ lý phát thanh,"Truyền thông, nghệ thuật và thiết kế"
Trợ lý sản xuất phát thanh,"Truyền thông, nghệ thuật và thiết kế"
Trợ lý sản xuất truyền hình,"Truyền thông, nghệ thuật và thiết kế"
Tổng giám đốc điều hành,Kinh doanh và dịch vụ
Vũ công,"Truyền thông, nghệ thuật và thiết kế"
Điều dưỡng khuyết tật học tập,Y tế và chăm sóc sức khỏe
Điều dưỡng nhi khoa,Y tế và chăm sóc sức khỏe
Điều dưỡng sức khỏe tâm thần,Y tế và chăm sóc sức khỏe
Điều dưỡng tâm thần,Y tế và chăm sóc sức khỏe
Điều phối viên tình nguyện,Khu vực công và cộng đồng
Đạo diễn sân khấu,"Truyền thông, nghệ thuật và thiết kế"
