nhóm chi tiêu,<40,40–60,60–80,≥80,chênh lệch <40 so với 60–80
Du lịch,23.7,6.6,4.1,1.4,19.6
Mua sắm trực tuyến,15.7,11.6,8.1,4.6,7.6
Siêu thị và tạp hóa tại cửa hàng,11.0,14.4,16.5,19.4,-5.5
Mua sắm tại cửa hàng,10.7,11.7,9.5,5.2,1.2
Dịch vụ trực tuyến khác,7.5,6.2,5.3,3.4,2.2
Xăng dầu và di chuyển,6.0,8.6,9.5,13.2,-3.5
Nhà cửa và tiện ích,4.4,7.1,8.3,10.5,-3.9
Trẻ em và thú cưng,4.2,6.5,7.5,9.3,-3.3
Mua sắm khác tại cửa hàng,3.6,5.5,5.6,3.7,-2.0
Giải trí,3.5,6.0,7.0,6.8,-3.5
Ăn uống,3.0,4.6,5.4,6.4,-2.4
Sức khỏe và thể thao,2.8,4.5,5.4,6.8,-2.6
Chăm sóc cá nhân,2.7,4.3,5.1,6.1,-2.4
Tạp hóa trực tuyến,1.4,2.4,2.8,3.0,-1.4
