lĩnh vực nghề,số khách,điểm trung bình,% khách từng có tháng dưới 40,chi / thu nhập,hạn mức đã dùng,tỷ lệ chi thiết yếu,số tháng chi vượt thu nhập,khoảng tin cậy 95% (±)
Công nghệ thông tin,34,68.81,0.0,0.6,0.16,0.5,1.26,1.37
Giáo dục,65,64.8,13.85,0.75,0.2,0.5,1.97,0.86
Khoa học và nghiên cứu,98,66.06,9.18,0.7,0.19,0.5,1.68,0.81
Khu vực công và cộng đồng,58,64.04,8.62,0.81,0.21,0.48,2.29,0.98
Kinh doanh và dịch vụ,79,68.06,6.33,0.66,0.17,0.49,1.34,1.07
Kỹ thuật và xây dựng,146,68.21,3.42,0.6,0.17,0.5,1.26,0.64
Nông nghiệp và môi trường,41,65.75,2.44,0.71,0.2,0.47,1.51,1.33
"Truyền thông, nghệ thuật và thiết kế",146,63.99,13.7,0.76,0.21,0.5,2.02,0.61
Tài chính và pháp lý,86,67.94,4.65,0.65,0.17,0.5,1.34,0.9
Y tế và chăm sóc sức khỏe,155,66.52,7.1,0.71,0.18,0.5,1.54,0.69
