tỉnh,số khách,điểm trung bình,% khách từng có tháng dưới 40,chi / thu nhập,hạn mức đã dùng,tỷ lệ chi thiết yếu,số tháng chi vượt thu nhập,khoảng tin cậy 95% (±)
An Giang,32,66.21,0.0,0.72,0.18,0.49,1.53,1.33
Bắc Ninh,30,66.49,10.0,0.72,0.18,0.51,1.47,1.24
Cao Bằng,5,63.14,20.0,0.82,0.24,0.53,2.2,5.66
Cà Mau,20,64.8,15.0,0.71,0.19,0.48,2.4,2.59
Cần Thơ,41,66.87,4.88,0.69,0.18,0.49,1.51,1.42
Gia Lai,14,64.53,14.29,0.73,0.2,0.53,2.07,2.17
Huế,13,67.05,7.69,0.66,0.17,0.49,1.46,2.28
Hà Nội,72,68.06,6.94,0.62,0.17,0.5,1.31,0.75
Hà Tĩnh,9,60.59,22.22,0.88,0.24,0.51,2.78,2.79
Hưng Yên,34,66.39,8.82,0.7,0.19,0.49,1.68,1.55
Hải Phòng,32,67.0,3.12,0.67,0.18,0.5,1.59,1.24
Khánh Hòa,18,66.37,11.11,0.72,0.17,0.5,1.83,1.99
Lai Châu,5,65.32,0.0,0.76,0.2,0.45,1.0,3.56
Lào Cai,19,65.57,21.05,0.73,0.17,0.52,1.84,2.58
Lâm Đồng,35,64.84,8.57,0.75,0.2,0.5,1.74,2.16
Lạng Sơn,9,65.55,0.0,0.75,0.19,0.51,1.78,3.02
Nghệ An,35,66.5,11.43,0.66,0.18,0.5,1.71,1.55
Ninh Bình,26,66.06,7.69,0.75,0.19,0.5,1.85,2.12
Phú Thọ,35,66.35,2.86,0.72,0.19,0.5,1.54,1.28
Quảng Ngãi,11,64.86,0.0,0.83,0.21,0.51,2.0,1.91
Quảng Ninh,13,66.13,0.0,0.7,0.2,0.52,1.69,1.91
Quảng Trị,12,64.69,0.0,0.81,0.19,0.49,1.92,2.54
Sơn La,17,66.45,5.88,0.66,0.18,0.5,1.94,1.99
Thanh Hóa,32,65.93,9.38,0.72,0.2,0.49,1.75,1.42
Thành phố Hồ Chí Minh,121,67.95,6.61,0.65,0.17,0.5,1.24,0.72
Thái Nguyên,17,63.02,17.65,0.81,0.22,0.51,2.47,1.75
Tuyên Quang,16,67.64,0.0,0.65,0.18,0.52,1.31,1.79
Tây Ninh,22,67.33,0.0,0.68,0.16,0.49,1.59,1.59
Vĩnh Long,26,65.96,19.23,0.74,0.19,0.45,1.69,1.95
Điện Biên,8,64.28,0.0,0.75,0.22,0.49,2.38,3.44
Đà Nẵng,27,64.15,22.22,0.75,0.21,0.49,2.0,1.32
Đắk Lắk,23,66.69,4.35,0.75,0.19,0.5,1.57,1.93
Đồng Nai,46,66.19,4.35,0.7,0.2,0.49,1.54,0.97
Đồng Tháp,33,66.65,3.03,0.69,0.18,0.48,1.21,1.36
