,844 khách còn lại,64 khách của nhóm
tuổi,49.0,37.5
điểm sức khỏe trung bình năm,66.76,61.92
điểm của tháng thấp nhất trong năm,51.7,49.05
điểm tương tác trung bình năm,78.25,81.56
số giao dịch mỗi tháng,182.17,243.75
chi / thu nhập,0.69,0.83
hạn mức đã dùng,0.18,0.23
số tháng chi vượt thu nhập,1.0,3.0
mức chi thất thường,1.51,1.83
tỷ lệ chi thiết yếu,0.5,0.47
tỷ lệ chi online,0.2,0.24
% chi cho du lịch,2.17,1.16
% chi cho mua sắm online,8.82,10.71
% khách từng có giao dịch ≥20% thu nhập tháng,41.7,43.8
% nữ,51.2,43.8
